team,season,wins,losses,win_pct,pts_per_game,fg_pct,three_pt_pct,three_pt_attempts,off_reb,def_reb,total_reb,assists,turnovers,blocks
Atlanta Hawks,2010-11,44,38,0.537,95.0,0.462,0.352,17.4,9.3,30.0,39.3,22.0,13.6,4.2
Boston Celtics,2010-11,56,26,0.683,96.5,0.486,0.365,13.6,7.8,31.0,38.8,23.4,14.6,4.2
Charlotte Bobcats,2010-11,34,48,0.415,93.3,0.451,0.327,14.7,10.3,29.8,40.1,21.1,14.5,5.3
Chicago Bulls,2010-11,62,20,0.756,98.6,0.462,0.361,17.3,11.8,32.4,44.2,22.3,14.2,5.7
Cleveland Cavaliers,2010-11,19,63,0.232,95.5,0.434,0.342,18.2,10.4,29.9,40.3,21.0,14.2,4.2
Dallas Mavericks,2010-11,57,25,0.695,100.2,0.475,0.365,21.6,9.5,31.9,41.4,23.8,14.0,4.3
Denver Nuggets,2010-11,50,32,0.61,107.5,0.476,0.388,20.8,9.6,32.3,42.0,22.1,14.1,4.3
Detroit Pistons,2010-11,30,52,0.366,97.0,0.46,0.376,15.3,11.4,27.3,38.6,21.1,13.0,4.0
Golden State Warriors,2010-11,36,46,0.439,103.4,0.461,0.392,21.3,11.6,28.9,40.5,22.5,14.6,5.0
Houston Rockets,2010-11,43,39,0.524,105.9,0.454,0.367,22.5,11.7,31.1,42.8,23.8,13.5,4.5
Indiana Pacers,2010-11,37,45,0.451,99.8,0.442,0.354,20.2,11.1,32.4,43.5,19.6,15.4,5.6
Los Angeles Clippers,2010-11,32,50,0.39,98.6,0.457,0.338,18.5,11.6,30.5,42.1,22.1,16.4,4.9
Los Angeles Lakers,2010-11,57,25,0.695,101.5,0.463,0.352,18.1,12.1,31.9,44.0,22.0,13.1,5.1
Memphis Grizzlies,2010-11,46,36,0.561,99.9,0.471,0.334,11.3,11.8,29.2,41.0,20.6,14.0,5.4
Miami Heat,2010-11,58,24,0.707,102.1,0.481,0.37,18.0,9.6,32.5,42.1,20.0,13.9,5.2
Milwaukee Bucks,2010-11,35,47,0.427,91.9,0.43,0.342,17.2,10.5,30.2,40.8,18.8,13.5,4.9
Minnesota Timberwolves,2010-11,17,65,0.207,101.1,0.441,0.376,19.1,13.2,31.2,44.4,20.1,17.0,5.1
New Jersey Nets,2010-11,24,58,0.293,94.2,0.44,0.343,16.3,11.1,29.8,40.8,21.0,14.0,4.7
New Orleans Hornets,2010-11,46,36,0.561,94.9,0.459,0.36,15.0,10.0,30.1,40.1,20.6,13.0,4.4
New York Knicks,2010-11,42,40,0.512,106.5,0.457,0.368,25.4,10.3,30.1,40.5,21.4,13.7,5.8
Oklahoma City Thunder,2010-11,55,27,0.671,104.8,0.464,0.347,17.1,11.0,31.8,42.8,20.4,14.1,5.9
Orlando Magic,2010-11,52,30,0.634,99.2,0.461,0.366,25.6,10.5,32.7,43.2,20.0,14.9,4.7
Philadelphia 76ers,2010-11,41,41,0.5,99.0,0.461,0.355,15.2,10.4,31.4,41.8,22.7,13.0,4.3
Phoenix Suns,2010-11,40,42,0.488,105.0,0.47,0.377,22.6,10.0,30.2,40.2,23.7,14.3,4.4
Portland Trail Blazers,2010-11,48,34,0.585,96.3,0.447,0.345,18.3,12.1,27.2,39.3,21.2,13.0,4.4
Sacramento Kings,2010-11,24,58,0.293,99.4,0.449,0.335,15.6,13.1,30.8,43.9,20.4,16.1,4.8
San Antonio Spurs,2010-11,61,21,0.744,103.7,0.475,0.397,21.1,10.1,31.7,41.9,22.4,13.4,4.5
Toronto Raptors,2010-11,22,60,0.268,99.1,0.465,0.316,13.3,11.7,28.6,40.3,21.9,14.7,4.3
Utah Jazz,2010-11,39,43,0.476,99.4,0.465,0.346,15.3,11.0,28.5,39.5,23.4,14.3,5.9
Washington Wizards,2010-11,23,59,0.28,97.3,0.443,0.332,14.4,12.4,29.0,41.3,19.4,15.3,6.1
Atlanta Hawks,2011-12,40,26,0.606,96.6,0.454,0.37,20.2,9.9,31.3,41.2,22.4,14.0,4.6
Boston Celtics,2011-12,39,27,0.591,91.8,0.46,0.367,15.0,7.7,31.1,38.8,23.6,14.8,5.5
Charlotte Bobcats,2011-12,7,59,0.106,87.0,0.414,0.295,13.5,10.3,28.7,39.0,20.1,14.5,5.5
Chicago Bulls,2011-12,50,16,0.758,96.3,0.452,0.375,16.9,13.9,32.8,46.7,23.1,14.0,5.9
Cleveland Cavaliers,2011-12,21,45,0.318,93.0,0.422,0.346,19.3,12.7,29.5,42.3,19.8,15.4,4.0
Dallas Mavericks,2011-12,36,30,0.545,95.8,0.443,0.339,22.2,10.1,32.7,42.8,20.9,14.0,5.1
Denver Nuggets,2011-12,38,28,0.576,104.1,0.476,0.332,19.9,11.2,31.9,43.1,24.0,15.4,5.0
Detroit Pistons,2011-12,25,41,0.379,90.9,0.438,0.346,13.9,11.7,28.5,40.3,18.7,15.7,4.2
Golden State Warriors,2011-12,23,43,0.348,97.8,0.457,0.388,20.5,9.7,29.5,39.2,22.3,13.9,5.5
Houston Rockets,2011-12,34,32,0.515,98.1,0.449,0.359,20.2,11.7,30.5,42.2,21.3,14.5,4.8
Indiana Pacers,2011-12,42,24,0.636,97.7,0.438,0.368,16.1,12.5,31.4,43.9,18.6,14.0,5.4
Los Angeles Clippers,2011-12,40,26,0.606,97.5,0.455,0.357,21.8,12.1,29.4,41.6,21.0,13.3,4.8
Los Angeles Lakers,2011-12,41,25,0.621,97.3,0.457,0.326,16.8,12.1,34.1,46.2,22.5,15.1,5.3
Memphis Grizzlies,2011-12,41,25,0.621,95.0,0.447,0.326,12.9,12.6,29.5,42.0,19.5,14.5,5.2
Miami Heat,2011-12,46,20,0.697,98.5,0.469,0.359,15.6,10.4,31.2,41.6,20.0,15.2,5.4
Milwaukee Bucks,2011-12,31,35,0.47,99.0,0.443,0.345,19.2,12.4,30.0,42.5,23.5,14.1,5.1
Minnesota Timberwolves,2011-12,26,40,0.394,97.9,0.433,0.332,21.6,12.1,31.7,43.7,19.5,15.2,4.4
New Jersey Nets,2011-12,22,44,0.333,93.1,0.425,0.342,22.4,11.9,28.5,40.3,19.9,15.1,3.9
New Orleans Hornets,2011-12,21,45,0.318,89.6,0.451,0.333,11.8,11.0,30.2,41.1,20.7,15.5,4.8
New York Knicks,2011-12,36,30,0.545,97.8,0.443,0.336,23.3,11.3,30.5,41.7,20.1,16.0,4.2
Oklahoma City Thunder,2011-12,47,19,0.712,103.1,0.471,0.358,20.0,11.0,32.7,43.7,18.5,16.3,8.2
Orlando Magic,2011-12,37,29,0.561,94.2,0.441,0.375,27.0,11.2,31.2,42.5,20.0,14.9,4.2
Philadelphia 76ers,2011-12,35,31,0.53,93.6,0.448,0.362,14.6,10.7,32.5,43.2,22.0,11.2,5.2
Phoenix Suns,2011-12,33,33,0.5,98.4,0.458,0.343,19.6,10.9,30.8,41.7,22.5,14.1,5.5
Portland Trail Blazers,2011-12,28,38,0.424,97.2,0.443,0.346,20.9,11.1,29.5,40.7,20.4,14.2,4.9
Sacramento Kings,2011-12,22,44,0.333,98.8,0.436,0.316,19.7,13.4,29.5,42.9,19.3,14.4,4.9
San Antonio Spurs,2011-12,50,16,0.758,103.7,0.478,0.393,21.3,10.3,32.6,43.0,23.2,13.6,4.4
Toronto Raptors,2011-12,23,43,0.348,90.7,0.44,0.34,16.3,10.6,31.4,42.0,20.9,15.2,4.9
Utah Jazz,2011-12,36,30,0.545,99.7,0.456,0.323,12.8,13.0,31.1,44.2,21.8,14.2,5.8
Washington Wizards,2011-12,20,46,0.303,93.6,0.441,0.32,16.3,11.7,29.9,41.7,19.1,15.3,6.3
Atlanta Hawks,2012-13,44,38,0.537,98.0,0.464,0.371,23.2,9.2,31.6,40.9,24.5,14.9,4.5
Boston Celtics,2012-13,41,40,0.506,96.5,0.465,0.358,17.2,8.1,31.3,39.3,22.8,14.6,4.5
Brooklyn Nets,2012-13,49,33,0.598,96.9,0.45,0.357,21.5,12.8,30.0,42.8,20.3,14.7,4.8
Charlotte Bobcats,2012-13,21,61,0.256,93.4,0.425,0.335,17.1,11.2,29.1,40.3,19.4,14.1,5.8
Chicago Bulls,2012-13,45,37,0.549,93.2,0.437,0.353,15.4,12.5,30.7,43.2,23.0,14.3,5.1
Cleveland Cavaliers,2012-13,24,58,0.293,96.5,0.434,0.346,19.3,12.2,28.8,41.0,20.7,14.0,4.1
Dallas Mavericks,2012-13,41,41,0.5,101.1,0.462,0.372,19.9,9.4,32.6,41.9,23.2,14.0,5.5
Denver Nuggets,2012-13,57,25,0.695,106.1,0.478,0.343,18.5,13.3,31.7,45.0,24.4,15.3,6.5
Detroit Pistons,2012-13,29,53,0.354,94.9,0.449,0.356,17.6,12.1,30.0,42.1,21.2,15.1,4.9
Golden State Warriors,2012-13,47,35,0.573,101.2,0.458,0.403,19.9,10.8,34.2,45.0,22.5,15.1,4.2
Houston Rockets,2012-13,45,37,0.549,106.0,0.461,0.366,28.9,11.1,32.3,43.4,23.2,16.4,4.4
Indiana Pacers,2012-13,49,32,0.605,94.7,0.436,0.347,19.7,12.9,33.0,45.9,20.3,15.1,6.3
Los Angeles Clippers,2012-13,56,26,0.683,101.1,0.478,0.358,21.4,11.4,30.2,41.6,23.9,14.6,5.6
Los Angeles Lakers,2012-13,45,37,0.549,102.2,0.458,0.355,24.6,11.5,33.3,44.8,22.2,15.0,5.2
Memphis Grizzlies,2012-13,56,26,0.683,93.4,0.444,0.345,13.5,12.9,29.8,42.7,20.9,14.0,5.3
Miami Heat,2012-13,66,16,0.805,102.9,0.496,0.396,22.1,8.2,30.4,38.6,23.0,13.9,5.4
Milwaukee Bucks,2012-13,38,44,0.463,98.9,0.435,0.36,20.4,13.0,30.9,44.0,22.9,14.1,6.7
Minnesota Timberwolves,2012-13,31,51,0.378,95.7,0.439,0.305,18.0,11.9,30.2,42.0,22.4,14.8,4.7
New Orleans Hornets,2012-13,27,55,0.329,94.1,0.448,0.363,18.0,12.0,29.6,41.6,21.0,14.5,5.4
New York Knicks,2012-13,54,28,0.659,100.0,0.448,0.376,28.9,10.9,29.7,40.6,19.3,12.0,3.6
Oklahoma City Thunder,2012-13,60,22,0.732,105.7,0.481,0.377,19.4,10.4,33.2,43.6,21.4,15.3,7.6
Orlando Magic,2012-13,20,62,0.244,94.1,0.448,0.329,18.7,10.9,31.9,42.7,22.8,14.5,4.4
Philadelphia 76ers,2012-13,34,48,0.415,93.2,0.444,0.36,17.5,10.9,30.4,41.3,22.8,13.0,4.7
Phoenix Suns,2012-13,25,57,0.305,95.2,0.443,0.33,17.7,11.7,29.9,41.6,22.6,15.6,5.3
Portland Trail Blazers,2012-13,33,49,0.402,97.5,0.448,0.353,23.2,10.7,30.2,40.8,21.8,14.7,4.3
Sacramento Kings,2012-13,28,54,0.341,100.2,0.447,0.363,20.5,11.5,29.1,40.6,20.8,14.6,4.2
San Antonio Spurs,2012-13,58,24,0.707,103.0,0.481,0.376,21.5,8.1,33.2,41.3,25.1,14.7,5.4
Toronto Raptors,2012-13,34,48,0.415,97.2,0.446,0.343,20.3,10.6,29.6,40.2,21.5,13.7,4.8
Utah Jazz,2012-13,43,39,0.524,98.0,0.454,0.366,16.9,12.1,30.0,42.0,22.7,14.8,6.3
Washington Wizards,2012-13,29,53,0.354,93.2,0.435,0.365,18.2,10.8,32.3,43.2,21.6,15.1,4.6
Atlanta Hawks,2013-14,38,44,0.463,101.0,0.458,0.363,25.8,8.7,31.3,40.0,24.9,15.3,4.0
Boston Celtics,2013-14,25,57,0.305,96.2,0.435,0.333,21.1,12.0,30.5,42.5,21.0,15.4,4.2
Brooklyn Nets,2013-14,44,38,0.537,98.5,0.459,0.369,23.4,8.8,29.4,38.1,20.9,14.5,3.8
Charlotte Bobcats,2013-14,43,39,0.524,96.9,0.442,0.351,17.9,9.5,33.2,42.7,21.7,12.3,5.1
Chicago Bulls,2013-14,48,34,0.585,93.7,0.432,0.348,17.8,11.4,32.7,44.1,22.7,14.9,5.2
Cleveland Cavaliers,2013-14,33,49,0.402,98.2,0.437,0.356,20.0,12.1,32.1,44.1,21.2,14.2,3.7
Dallas Mavericks,2013-14,49,33,0.598,104.8,0.474,0.384,22.9,10.2,30.7,40.9,23.6,13.5,4.3
Denver Nuggets,2013-14,36,46,0.439,104.4,0.447,0.358,23.9,12.3,33.1,45.4,22.4,15.9,5.6
Detroit Pistons,2013-14,29,53,0.354,101.0,0.447,0.321,19.3,14.6,30.8,45.4,20.9,14.5,4.8
Golden State Warriors,2013-14,51,31,0.622,104.3,0.462,0.38,24.8,10.9,34.4,45.3,23.3,15.2,5.0
Houston Rockets,2013-14,54,28,0.659,107.7,0.472,0.358,26.6,11.2,34.1,45.3,21.4,16.1,5.6
Indiana Pacers,2013-14,56,26,0.683,96.7,0.449,0.357,18.8,10.2,34.5,44.7,20.1,15.1,5.4
Los Angeles Clippers,2013-14,57,25,0.695,107.9,0.474,0.352,24.0,10.5,32.5,43.0,24.6,13.9,4.8
Los Angeles Lakers,2013-14,27,55,0.329,103.0,0.45,0.381,24.8,9.1,32.0,41.0,24.5,15.1,5.4
Memphis Grizzlies,2013-14,50,32,0.61,96.1,0.464,0.353,14.0,11.6,30.8,42.4,21.9,13.7,4.6
Miami Heat,2013-14,54,28,0.659,102.2,0.501,0.364,22.3,7.6,29.2,36.9,22.5,14.8,4.5
Milwaukee Bucks,2013-14,15,67,0.183,95.5,0.438,0.353,18.9,11.8,29.3,41.1,21.5,15.1,4.9
Minnesota Timberwolves,2013-14,40,42,0.488,106.9,0.444,0.341,21.4,12.5,32.2,44.7,23.9,13.9,3.6
New Orleans Pelicans,2013-14,34,48,0.415,99.7,0.459,0.373,15.9,11.4,30.3,41.7,21.3,13.8,6.4
New York Knicks,2013-14,37,45,0.451,98.6,0.449,0.372,24.9,10.6,29.7,40.3,20.0,13.0,4.5
Oklahoma City Thunder,2013-14,59,23,0.72,106.2,0.471,0.361,22.4,10.8,33.9,44.7,21.9,15.3,6.1
Orlando Magic,2013-14,23,59,0.28,96.5,0.445,0.353,19.5,9.7,32.4,42.0,21.0,14.9,4.3
Philadelphia 76ers,2013-14,19,63,0.232,99.5,0.435,0.312,22.5,11.6,31.2,42.7,21.8,16.9,4.0
Phoenix Suns,2013-14,48,34,0.585,105.2,0.463,0.372,25.1,11.3,31.7,43.0,19.1,15.3,4.6
Portland Trail Blazers,2013-14,54,28,0.659,106.7,0.45,0.372,25.3,12.5,34.0,46.4,23.2,13.7,4.7
Sacramento Kings,2013-14,28,54,0.341,100.5,0.447,0.333,18.0,12.1,32.4,44.5,18.9,15.2,3.9
San Antonio Spurs,2013-14,62,20,0.756,105.4,0.486,0.397,21.4,9.3,34.0,43.3,25.2,14.4,5.1
Toronto Raptors,2013-14,48,34,0.585,101.3,0.445,0.372,23.4,11.4,31.1,42.5,21.2,14.1,4.2
Utah Jazz,2013-14,25,57,0.305,95.0,0.444,0.344,19.2,11.0,30.2,41.2,20.3,14.6,4.5
Washington Wizards,2013-14,44,38,0.537,100.7,0.459,0.38,20.8,10.8,31.4,42.2,23.3,14.7,4.6
Atlanta Hawks,2014-15,60,22,0.732,102.5,0.466,0.38,26.2,8.7,31.8,40.6,25.7,14.2,4.6
Boston Celtics,2014-15,40,42,0.488,101.4,0.443,0.327,24.6,11.1,32.7,43.8,24.5,13.8,3.6
Brooklyn Nets,2014-15,38,44,0.463,98.0,0.451,0.331,19.9,10.3,32.0,42.4,20.9,13.8,4.1
Charlotte Hornets,2014-15,33,49,0.402,94.2,0.42,0.318,19.1,10.0,34.1,44.1,20.2,11.9,5.5
Chicago Bulls,2014-15,50,32,0.61,100.8,0.442,0.353,22.3,11.7,34.0,45.7,21.7,14.0,5.8
Cleveland Cavaliers,2014-15,53,29,0.646,103.1,0.458,0.367,27.5,11.1,31.9,43.0,22.1,14.3,4.1
Dallas Mavericks,2014-15,50,32,0.61,105.2,0.463,0.352,25.4,10.5,31.8,42.3,22.5,13.0,4.5
Denver Nuggets,2014-15,30,52,0.366,101.5,0.433,0.325,24.8,12.3,32.4,44.7,21.8,14.2,4.5
Detroit Pistons,2014-15,32,50,0.39,98.5,0.432,0.344,24.9,12.8,32.1,44.9,21.6,13.4,4.7
Golden State Warriors,2014-15,67,15,0.817,110.0,0.478,0.398,27.0,10.4,34.3,44.7,27.4,14.5,6.0
Houston Rockets,2014-15,56,26,0.683,103.9,0.444,0.348,32.7,11.7,32.0,43.7,22.2,16.7,5.0
Indiana Pacers,2014-15,38,44,0.463,97.3,0.439,0.352,21.2,10.4,34.4,44.9,21.4,14.0,4.6
Los Angeles Clippers,2014-15,56,26,0.683,106.7,0.473,0.376,26.9,9.6,33.1,42.6,24.8,12.3,5.0
Los Angeles Lakers,2014-15,21,61,0.256,98.5,0.435,0.344,18.9,11.6,32.3,43.9,20.9,13.2,4.5
Memphis Grizzlies,2014-15,55,27,0.671,98.3,0.458,0.339,15.2,10.4,32.1,42.6,21.7,13.3,4.2
Miami Heat,2014-15,37,45,0.451,94.7,0.456,0.335,20.2,9.1,30.0,39.1,19.8,14.8,4.5
Milwaukee Bucks,2014-15,41,41,0.5,97.8,0.459,0.363,18.3,10.7,31.4,42.1,23.6,16.7,4.9
Minnesota Timberwolves,2014-15,16,66,0.195,97.8,0.438,0.332,14.9,11.6,29.3,40.9,21.6,15.0,4.0
New Orleans Pelicans,2014-15,45,37,0.549,99.4,0.457,0.37,19.3,11.5,32.0,43.5,22.0,13.3,6.2
New York Knicks,2014-15,17,65,0.207,91.9,0.428,0.347,19.7,10.6,29.8,40.4,21.3,14.7,4.7
Oklahoma City Thunder,2014-15,45,37,0.549,104.0,0.447,0.339,22.7,12.8,34.7,47.5,20.5,14.7,5.5
Orlando Magic,2014-15,25,57,0.305,95.7,0.453,0.347,19.5,10.0,31.8,41.8,20.6,14.9,3.8
Philadelphia 76ers,2014-15,18,64,0.22,92.0,0.408,0.32,26.3,11.9,30.9,42.9,20.5,17.7,5.9
Phoenix Suns,2014-15,39,43,0.476,102.4,0.452,0.341,25.0,10.9,32.2,43.2,20.2,15.1,4.7
Portland Trail Blazers,2014-15,51,31,0.622,102.8,0.45,0.362,27.2,10.7,35.1,45.9,21.9,13.6,4.5
Sacramento Kings,2014-15,29,53,0.354,101.3,0.455,0.341,16.5,10.9,33.3,44.2,20.3,16.3,4.0
San Antonio Spurs,2014-15,55,27,0.671,103.2,0.468,0.367,22.5,9.8,33.8,43.6,24.4,14.0,5.4
Toronto Raptors,2014-15,49,33,0.598,104.0,0.455,0.352,25.1,10.7,30.8,41.5,20.7,12.9,4.4
Utah Jazz,2014-15,38,44,0.463,95.1,0.447,0.343,21.7,12.0,31.9,44.0,19.9,15.3,6.0
Washington Wizards,2014-15,46,36,0.561,98.5,0.462,0.36,16.8,10.5,34.2,44.7,24.0,15.0,4.6
Atlanta Hawks,2015-16,48,34,0.585,102.8,0.458,0.35,28.4,8.3,33.8,42.1,25.6,15.0,5.9
Boston Celtics,2015-16,48,34,0.585,105.7,0.439,0.335,26.1,11.6,33.3,44.9,24.2,13.7,4.2
Brooklyn Nets,2015-16,21,61,0.256,98.6,0.453,0.352,18.4,10.5,31.9,42.4,22.3,14.8,4.0
Charlotte Hornets,2015-16,48,34,0.585,103.4,0.439,0.362,29.4,9.0,35.0,43.9,21.7,12.5,5.3
Chicago Bulls,2015-16,42,40,0.512,101.6,0.441,0.371,21.4,11.1,35.2,46.3,22.8,13.9,5.7
Cleveland Cavaliers,2015-16,57,25,0.695,104.3,0.46,0.362,29.6,10.6,33.9,44.5,22.7,13.6,3.9
Dallas Mavericks,2015-16,42,40,0.512,102.3,0.444,0.344,28.6,9.2,33.9,43.1,22.1,12.8,3.7
Denver Nuggets,2015-16,33,49,0.402,101.9,0.442,0.338,23.7,11.5,33.1,44.6,22.7,14.7,4.8
Detroit Pistons,2015-16,44,38,0.537,102.0,0.439,0.345,26.2,12.5,33.9,46.3,19.4,13.5,3.7
Golden State Warriors,2015-16,73,9,0.89,114.9,0.487,0.416,31.6,10.0,36.2,46.2,28.9,15.2,6.1
Houston Rockets,2015-16,41,41,0.5,106.5,0.452,0.347,30.9,11.3,31.7,43.1,22.2,15.9,5.2
Indiana Pacers,2015-16,45,37,0.549,102.2,0.45,0.351,23.0,10.3,33.9,44.2,21.2,14.9,4.8
LA Clippers,2015-16,53,29,0.646,104.5,0.465,0.364,26.7,8.8,33.3,42.0,22.8,13.0,5.6
Los Angeles Lakers,2015-16,17,65,0.207,97.3,0.414,0.317,24.6,10.7,32.3,43.0,18.0,13.7,4.1
Memphis Grizzlies,2015-16,42,40,0.512,99.1,0.44,0.331,18.5,11.2,30.5,41.6,20.7,13.3,4.3
Miami Heat,2015-16,48,34,0.585,100.0,0.47,0.336,18.0,9.8,34.3,44.1,20.8,14.1,6.5
Milwaukee Bucks,2015-16,33,49,0.402,99.0,0.467,0.345,15.6,10.5,31.2,41.7,23.1,15.2,5.8
Minnesota Timberwolves,2015-16,29,53,0.354,102.4,0.464,0.338,16.4,10.0,31.5,41.6,23.4,15.0,4.6
New Orleans Pelicans,2015-16,30,52,0.366,102.7,0.448,0.36,23.8,9.5,33.1,42.6,22.2,13.4,4.2
New York Knicks,2015-16,32,50,0.39,98.4,0.439,0.346,21.5,10.4,34.0,44.4,20.5,13.4,5.7
Oklahoma City Thunder,2015-16,55,27,0.671,110.2,0.476,0.349,23.7,13.1,35.6,48.6,23.0,15.9,5.9
Orlando Magic,2015-16,35,47,0.427,102.1,0.455,0.35,22.2,10.3,33.0,43.3,23.6,14.1,5.1
Philadelphia 76ers,2015-16,10,72,0.122,97.4,0.431,0.339,27.5,9.5,31.8,41.2,21.5,16.4,6.0
Phoenix Suns,2015-16,23,59,0.28,100.9,0.435,0.348,25.8,11.5,33.3,44.8,20.7,17.2,3.8
Portland Trail Blazers,2015-16,44,38,0.537,105.1,0.45,0.37,28.5,11.6,33.9,45.5,21.3,14.6,4.6
Sacramento Kings,2015-16,33,49,0.402,106.6,0.464,0.359,22.4,10.6,33.7,44.2,24.5,16.2,4.5
San Antonio Spurs,2015-16,67,15,0.817,103.5,0.484,0.375,18.5,9.4,34.5,43.9,24.5,13.1,5.9
Toronto Raptors,2015-16,56,26,0.683,102.7,0.451,0.37,23.4,10.2,33.2,43.4,18.7,13.1,5.5
Utah Jazz,2015-16,40,42,0.488,97.7,0.449,0.355,23.9,10.7,32.5,43.2,19.0,14.9,5.2
Washington Wizards,2015-16,41,41,0.5,104.1,0.46,0.358,24.2,9.1,32.8,41.8,24.5,14.5,3.9
Atlanta Hawks,2016-17,43,39,0.524,103.2,0.451,0.341,26.1,10.3,34.1,44.3,23.6,15.8,4.8
Boston Celtics,2016-17,53,29,0.646,108.0,0.454,0.359,33.4,9.1,32.9,42.0,25.2,13.3,4.1
Brooklyn Nets,2016-17,20,62,0.244,105.8,0.444,0.338,31.6,8.8,35.1,43.9,21.4,16.5,4.7
Charlotte Hornets,2016-17,36,46,0.439,104.9,0.442,0.351,28.6,8.8,34.8,43.6,23.1,11.5,4.8
Chicago Bulls,2016-17,41,41,0.5,102.9,0.444,0.34,22.3,12.2,34.1,46.3,22.6,13.6,4.8
Cleveland Cavaliers,2016-17,51,31,0.622,110.3,0.47,0.384,33.9,9.3,34.4,43.7,22.7,13.7,4.0
Dallas Mavericks,2016-17,33,49,0.402,97.9,0.44,0.355,30.2,7.9,30.7,38.6,20.8,11.9,3.7
Denver Nuggets,2016-17,40,42,0.488,111.7,0.469,0.368,28.8,11.8,34.6,46.4,25.3,15.0,3.9
Detroit Pistons,2016-17,37,45,0.451,101.3,0.449,0.33,23.4,11.1,34.6,45.7,21.1,11.9,3.8
Golden State Warriors,2016-17,67,15,0.817,115.9,0.495,0.383,31.2,9.4,35.0,44.4,30.4,14.8,6.8
Houston Rockets,2016-17,55,27,0.671,115.3,0.462,0.357,40.3,10.9,33.5,44.4,25.2,15.1,4.3
Indiana Pacers,2016-17,42,40,0.512,105.1,0.465,0.376,23.0,9.0,33.0,42.0,22.5,13.8,5.0
LA Clippers,2016-17,51,31,0.622,108.7,0.475,0.375,27.4,9.0,34.0,43.0,22.5,13.0,4.2
Los Angeles Lakers,2016-17,26,56,0.317,104.6,0.45,0.346,25.7,11.4,32.1,43.5,20.9,15.2,3.9
Memphis Grizzlies,2016-17,43,39,0.524,100.5,0.435,0.354,26.5,10.8,32.0,42.8,21.3,12.9,4.2
Miami Heat,2016-17,41,41,0.5,103.2,0.455,0.365,27.0,10.6,33.0,43.6,21.2,13.4,5.7
Milwaukee Bucks,2016-17,42,40,0.512,103.6,0.474,0.37,23.7,8.8,31.6,40.4,24.2,14.0,5.3
Minnesota Timberwolves,2016-17,31,51,0.378,105.6,0.467,0.349,21.0,11.4,31.0,42.4,23.7,14.0,4.5
New Orleans Pelicans,2016-17,34,48,0.415,104.3,0.45,0.35,26.8,8.6,35.1,43.7,22.8,12.9,5.5
New York Knicks,2016-17,31,51,0.378,104.3,0.447,0.348,24.7,12.0,33.2,45.2,21.8,13.9,5.5
Oklahoma City Thunder,2016-17,47,35,0.573,106.6,0.452,0.327,25.8,12.2,34.4,46.6,21.0,15.0,5.0
Orlando Magic,2016-17,29,53,0.354,101.1,0.44,0.328,26.1,9.8,33.3,43.2,22.2,13.3,4.8
Philadelphia 76ers,2016-17,28,54,0.341,102.4,0.442,0.34,29.8,9.8,33.0,42.8,23.8,16.7,5.1
Phoenix Suns,2016-17,24,58,0.293,107.7,0.45,0.332,22.6,11.9,33.1,45.0,19.6,15.4,4.9
Portland Trail Blazers,2016-17,41,41,0.5,107.9,0.459,0.375,27.7,10.1,33.5,43.7,21.1,13.7,5.0
Sacramento Kings,2016-17,32,50,0.39,102.8,0.461,0.376,23.9,8.7,32.3,41.1,22.5,14.6,4.0
San Antonio Spurs,2016-17,61,21,0.744,105.3,0.469,0.391,23.5,10.0,33.9,43.9,23.8,13.4,5.9
Toronto Raptors,2016-17,51,31,0.622,106.9,0.464,0.363,24.3,10.6,32.6,43.3,18.5,12.7,4.9
Utah Jazz,2016-17,51,31,0.622,100.7,0.466,0.372,26.0,9.4,33.8,43.2,20.1,13.6,5.0
Washington Wizards,2016-17,49,33,0.598,109.2,0.475,0.372,24.8,10.3,32.6,42.9,23.9,14.2,4.1
Atlanta Hawks,2017-18,24,58,0.293,103.4,0.446,0.36,31.0,9.1,32.8,41.9,23.7,15.5,4.2
Boston Celtics,2017-18,55,27,0.671,104.0,0.45,0.377,30.4,9.4,35.1,44.5,22.5,14.0,4.5
Brooklyn Nets,2017-18,28,54,0.341,106.6,0.441,0.356,35.7,9.7,34.8,44.4,23.7,15.2,4.8
Charlotte Hornets,2017-18,36,46,0.439,108.2,0.45,0.369,27.2,10.1,35.4,45.5,21.6,12.7,4.5
Chicago Bulls,2017-18,27,55,0.329,102.9,0.435,0.355,31.1,9.6,35.0,44.7,23.5,14.0,3.5
Cleveland Cavaliers,2017-18,50,32,0.61,110.9,0.476,0.372,32.1,8.5,33.7,42.1,23.4,13.7,3.8
Dallas Mavericks,2017-18,24,58,0.293,102.3,0.444,0.36,32.8,8.1,33.1,41.3,22.7,12.3,3.8
Denver Nuggets,2017-18,46,36,0.561,110.0,0.47,0.371,30.9,11.0,33.5,44.5,25.1,15.0,4.9
Detroit Pistons,2017-18,39,43,0.476,103.8,0.45,0.373,28.9,10.1,33.6,43.7,22.8,13.4,3.9
Golden State Warriors,2017-18,58,24,0.707,113.5,0.503,0.391,28.9,8.4,35.1,43.5,29.3,15.4,7.5
Houston Rockets,2017-18,65,17,0.793,112.4,0.46,0.362,42.3,9.0,34.5,43.5,21.5,13.8,4.8
Indiana Pacers,2017-18,48,34,0.585,105.6,0.472,0.369,24.5,9.6,32.7,42.3,22.2,13.3,4.1
LA Clippers,2017-18,42,40,0.512,109.0,0.471,0.354,26.8,10.1,33.7,43.9,22.3,14.7,4.5
Los Angeles Lakers,2017-18,35,47,0.427,108.1,0.461,0.345,29.1,10.7,35.7,46.4,23.8,15.8,4.7
Memphis Grizzlies,2017-18,22,60,0.268,99.3,0.444,0.352,26.2,9.5,31.0,40.5,21.5,15.0,4.8
Miami Heat,2017-18,44,38,0.537,103.4,0.455,0.36,30.6,9.3,34.2,43.5,22.7,14.4,5.3
Milwaukee Bucks,2017-18,44,38,0.537,106.5,0.478,0.355,24.7,8.4,31.5,39.8,23.2,13.8,5.4
Minnesota Timberwolves,2017-18,47,35,0.573,109.5,0.476,0.357,22.5,10.3,31.6,42.0,22.7,12.5,4.2
New Orleans Pelicans,2017-18,48,34,0.585,111.7,0.483,0.362,28.2,8.7,35.6,44.3,26.8,14.9,5.9
New York Knicks,2017-18,29,53,0.354,104.5,0.464,0.352,23.3,10.5,33.6,44.0,23.3,14.7,5.1
Oklahoma City Thunder,2017-18,48,34,0.585,107.9,0.453,0.354,30.4,12.5,32.6,45.1,21.3,14.0,5.0
Orlando Magic,2017-18,25,57,0.305,103.4,0.452,0.351,29.3,8.8,32.8,41.6,23.4,14.5,4.9
Philadelphia 76ers,2017-18,52,30,0.634,109.8,0.472,0.369,29.8,10.9,36.5,47.4,27.1,16.5,5.1
Phoenix Suns,2017-18,21,61,0.256,103.9,0.442,0.334,27.9,10.3,33.9,44.1,21.3,15.7,4.5
Portland Trail Blazers,2017-18,49,33,0.598,105.6,0.452,0.366,28.1,10.2,35.3,45.5,19.5,13.5,5.2
Sacramento Kings,2017-18,27,55,0.329,98.8,0.45,0.375,24.0,9.5,31.4,40.9,21.6,13.7,4.1
San Antonio Spurs,2017-18,47,35,0.573,102.7,0.457,0.352,24.1,10.4,33.9,44.2,22.8,13.1,5.6
Toronto Raptors,2017-18,59,23,0.72,111.7,0.472,0.358,33.0,9.8,34.2,44.0,24.3,13.4,6.1
Utah Jazz,2017-18,48,34,0.585,104.1,0.462,0.366,29.6,9.0,34.2,43.3,22.4,14.7,5.1
Washington Wizards,2017-18,43,39,0.524,106.6,0.467,0.375,26.5,10.0,33.1,43.1,25.2,14.6,4.3
Atlanta Hawks,2018-19,29,53,0.354,113.3,0.451,0.352,37.0,11.6,34.5,46.1,25.8,17.0,5.1
Boston Celtics,2018-19,49,33,0.598,112.4,0.465,0.365,34.5,9.8,34.7,44.5,26.3,12.8,5.3
Brooklyn Nets,2018-19,42,40,0.512,112.2,0.449,0.353,36.2,11.0,35.6,46.6,23.8,15.1,4.1
Charlotte Hornets,2018-19,39,43,0.476,110.7,0.448,0.351,33.9,9.9,33.9,43.8,23.2,12.2,4.9
Chicago Bulls,2018-19,22,60,0.268,104.9,0.453,0.351,25.9,8.8,34.1,42.9,21.9,14.1,4.3
Cleveland Cavaliers,2018-19,19,63,0.232,104.5,0.444,0.355,29.1,10.7,31.9,42.7,20.7,13.5,2.4
Dallas Mavericks,2018-19,33,49,0.402,108.9,0.447,0.34,36.6,10.1,35.2,45.3,23.4,14.2,4.3
Denver Nuggets,2018-19,54,28,0.659,110.7,0.466,0.351,31.4,11.9,34.5,46.4,27.4,13.4,4.4
Detroit Pistons,2018-19,41,41,0.5,107.0,0.44,0.348,34.8,11.4,33.6,45.0,22.5,13.8,4.0
Golden State Warriors,2018-19,57,25,0.695,117.7,0.491,0.385,34.4,9.7,36.5,46.2,29.4,14.3,6.4
Houston Rockets,2018-19,53,29,0.646,113.9,0.449,0.356,45.4,10.2,31.9,42.1,21.2,13.3,4.9
Indiana Pacers,2018-19,48,34,0.585,108.0,0.475,0.374,25.4,9.3,33.7,43.0,26.0,13.7,4.9
LA Clippers,2018-19,48,34,0.585,115.1,0.471,0.388,25.8,9.7,35.8,45.5,24.0,14.5,4.7
Los Angeles Lakers,2018-19,37,45,0.451,111.8,0.47,0.333,31.0,10.2,36.4,46.6,25.6,15.7,5.4
Memphis Grizzlies,2018-19,33,49,0.402,103.5,0.45,0.342,28.9,8.8,33.0,41.8,23.9,14.0,5.5
Miami Heat,2018-19,39,43,0.476,105.7,0.45,0.349,32.4,11.2,35.1,46.3,24.3,14.7,5.5
Milwaukee Bucks,2018-19,60,22,0.732,118.1,0.476,0.353,38.2,9.3,40.4,49.7,26.0,13.9,5.9
Minnesota Timberwolves,2018-19,36,46,0.439,112.5,0.456,0.351,28.7,11.3,33.5,44.8,24.6,13.1,5.0
New Orleans Pelicans,2018-19,33,49,0.402,115.4,0.473,0.344,29.9,11.1,36.2,47.3,27.0,14.8,5.4
New York Knicks,2018-19,17,65,0.207,104.6,0.433,0.34,29.5,10.5,34.3,44.7,20.1,14.0,5.1
Oklahoma City Thunder,2018-19,49,33,0.598,114.5,0.454,0.348,32.6,12.6,35.5,48.1,23.4,14.0,5.2
Orlando Magic,2018-19,42,40,0.512,107.3,0.454,0.356,32.1,10.0,35.4,45.4,25.5,13.2,5.4
Philadelphia 76ers,2018-19,51,31,0.622,115.2,0.471,0.359,30.2,10.9,36.9,47.8,26.9,14.9,5.3
Phoenix Suns,2018-19,19,63,0.232,107.5,0.459,0.329,29.3,9.1,31.3,40.4,23.9,15.6,5.1
Portland Trail Blazers,2018-19,53,29,0.646,114.7,0.467,0.359,30.7,11.8,36.2,48.0,23.0,13.8,5.0
Sacramento Kings,2018-19,39,43,0.476,114.2,0.464,0.378,29.9,11.0,34.4,45.4,25.4,13.4,4.4
San Antonio Spurs,2018-19,48,34,0.585,111.7,0.478,0.392,25.3,9.2,35.5,44.7,24.5,12.1,4.7
Toronto Raptors,2018-19,58,24,0.707,114.4,0.474,0.366,33.8,9.6,35.6,45.2,25.4,14.0,5.3
Utah Jazz,2018-19,50,32,0.61,111.7,0.468,0.356,34.0,10.0,36.4,46.4,26.0,15.1,5.9
Washington Wizards,2018-19,32,50,0.39,114.0,0.468,0.341,33.3,9.7,32.7,42.4,26.3,14.1,4.6
Atlanta Hawks,2019-20,20,47,0.299,111.8,0.449,0.333,36.1,9.9,33.4,43.3,24.0,16.2,5.1
Boston Celtics,2019-20,48,24,0.667,113.7,0.461,0.364,34.5,10.7,35.4,46.1,23.0,13.8,5.6
Brooklyn Nets,2019-20,35,37,0.486,111.8,0.448,0.343,38.1,10.6,37.3,47.9,24.5,15.3,4.5
Charlotte Hornets,2019-20,23,42,0.354,102.9,0.434,0.352,34.3,11.0,31.8,42.8,23.8,14.6,4.1
Chicago Bulls,2019-20,22,43,0.338,106.8,0.447,0.348,35.1,10.5,31.4,41.9,23.2,15.5,4.1
Cleveland Cavaliers,2019-20,19,46,0.292,106.9,0.458,0.351,31.8,10.8,33.4,44.2,23.1,16.5,3.2
Dallas Mavericks,2019-20,43,32,0.573,117.0,0.461,0.367,41.3,10.5,36.4,46.9,24.7,12.7,4.8
Denver Nuggets,2019-20,46,27,0.63,111.3,0.473,0.359,30.6,10.8,33.4,44.1,26.7,13.8,4.6
Detroit Pistons,2019-20,20,46,0.303,107.2,0.459,0.367,32.7,9.8,32.0,41.7,24.1,15.3,4.5
Golden State Warriors,2019-20,15,50,0.231,106.3,0.438,0.334,31.3,10.0,32.9,42.8,25.6,14.9,4.6
Houston Rockets,2019-20,44,28,0.611,117.8,0.451,0.345,45.3,9.8,34.5,44.3,21.6,14.7,5.2
Indiana Pacers,2019-20,45,28,0.616,109.4,0.476,0.363,28.0,8.7,34.1,42.8,25.9,13.2,5.2
LA Clippers,2019-20,49,23,0.681,116.3,0.466,0.371,33.5,10.7,37.0,47.7,23.7,14.6,4.7
Los Angeles Lakers,2019-20,52,19,0.732,113.4,0.48,0.349,31.6,10.7,35.1,45.7,25.4,15.2,6.6
Memphis Grizzlies,2019-20,34,39,0.466,112.6,0.468,0.347,31.5,10.3,36.2,46.5,26.9,15.2,5.5
Miami Heat,2019-20,44,29,0.603,112.0,0.468,0.379,35.4,8.5,35.9,44.4,25.9,14.9,4.5
Milwaukee Bucks,2019-20,56,17,0.767,118.7,0.476,0.355,38.9,9.5,42.2,51.7,25.9,15.1,5.9
Minnesota Timberwolves,2019-20,19,45,0.297,113.3,0.441,0.336,39.7,10.5,34.3,44.8,23.8,15.3,5.7
New Orleans Pelicans,2019-20,30,42,0.417,115.8,0.465,0.37,36.9,11.1,35.4,46.5,26.8,16.4,5.0
New York Knicks,2019-20,21,45,0.318,105.8,0.447,0.337,28.4,12.0,34.5,46.5,22.1,14.3,4.7
Oklahoma City Thunder,2019-20,44,28,0.611,110.4,0.468,0.355,30.2,8.2,34.7,42.9,21.7,13.7,4.9
Orlando Magic,2019-20,33,40,0.452,107.3,0.444,0.343,32.2,10.3,34.2,44.5,23.9,12.8,5.4
Philadelphia 76ers,2019-20,43,30,0.589,110.7,0.468,0.368,31.6,10.5,35.0,45.4,25.8,14.2,5.3
Phoenix Suns,2019-20,34,39,0.466,113.6,0.468,0.358,31.8,9.8,33.8,43.5,27.2,14.8,4.0
Portland Trail Blazers,2019-20,35,39,0.473,115.0,0.463,0.377,34.1,10.2,35.1,45.3,20.6,12.8,6.1
Sacramento Kings,2019-20,31,41,0.431,110.1,0.462,0.364,34.9,9.7,32.9,42.6,23.8,14.5,4.1
San Antonio Spurs,2019-20,32,39,0.451,114.1,0.472,0.376,28.5,9.0,35.6,44.6,24.7,12.6,5.5
Toronto Raptors,2019-20,53,19,0.736,112.8,0.458,0.374,37.0,9.5,35.9,45.4,25.2,14.8,5.0
Utah Jazz,2019-20,44,28,0.611,111.3,0.471,0.38,35.2,9.1,35.8,44.9,22.4,15.1,4.1
Washington Wizards,2019-20,25,47,0.347,114.4,0.457,0.368,32.6,10.2,31.9,42.0,25.0,14.2,4.3
Atlanta Hawks,2020-21,41,31,0.569,113.7,0.468,0.373,33.4,10.6,35.1,45.6,24.1,13.2,4.8
Boston Celtics,2020-21,36,36,0.5,112.6,0.466,0.374,36.4,10.6,33.6,44.3,23.5,14.1,5.3
Brooklyn Nets,2020-21,48,24,0.667,118.6,0.494,0.392,36.1,8.9,35.5,44.4,26.8,13.5,5.3
Charlotte Hornets,2020-21,33,39,0.458,109.5,0.455,0.369,37.0,10.6,33.2,43.8,26.8,14.8,4.8
Chicago Bulls,2020-21,31,41,0.431,110.7,0.476,0.37,34.0,9.6,35.3,45.0,26.8,15.1,4.2
Cleveland Cavaliers,2020-21,22,50,0.306,103.8,0.45,0.336,29.7,10.4,32.3,42.8,23.8,15.5,4.5
Dallas Mavericks,2020-21,42,30,0.583,112.4,0.47,0.362,38.1,9.1,34.2,43.3,22.9,12.1,4.3
Denver Nuggets,2020-21,47,25,0.653,115.1,0.485,0.377,34.2,10.5,33.9,44.4,26.8,13.5,4.5
Detroit Pistons,2020-21,20,52,0.278,106.6,0.452,0.351,32.9,9.6,33.1,42.7,24.2,14.9,5.2
Golden State Warriors,2020-21,39,33,0.542,113.7,0.468,0.376,38.7,8.0,35.1,43.0,27.7,15.0,4.8
Houston Rockets,2020-21,17,55,0.236,108.8,0.444,0.339,40.6,9.3,33.3,42.6,23.6,14.7,5.0
Indiana Pacers,2020-21,34,38,0.472,115.3,0.474,0.364,34.0,9.0,33.7,42.7,27.4,13.5,6.4
LA Clippers,2020-21,47,25,0.653,114.0,0.482,0.411,34.7,9.4,34.7,44.2,24.4,13.2,4.1
Los Angeles Lakers,2020-21,42,30,0.583,109.5,0.472,0.354,31.2,9.7,34.6,44.2,24.7,15.2,5.4
Memphis Grizzlies,2020-21,38,34,0.528,113.3,0.467,0.356,31.4,11.2,35.3,46.5,26.9,13.3,5.1
Miami Heat,2020-21,40,32,0.556,108.1,0.468,0.358,36.2,8.0,33.5,41.5,26.3,14.1,4.0
Milwaukee Bucks,2020-21,46,26,0.639,120.1,0.487,0.389,37.1,10.3,37.8,48.1,25.5,13.8,4.6
Minnesota Timberwolves,2020-21,23,49,0.319,112.1,0.448,0.349,37.6,10.5,33.0,43.5,25.6,14.3,5.5
New Orleans Pelicans,2020-21,31,41,0.431,114.6,0.477,0.348,30.4,11.7,35.7,47.4,26.0,14.6,4.4
New York Knicks,2020-21,41,31,0.569,107.0,0.456,0.392,30.0,9.7,35.5,45.1,21.4,12.9,5.1
Oklahoma City Thunder,2020-21,22,50,0.306,105.0,0.441,0.339,35.1,9.9,35.7,45.6,22.1,16.1,4.4
Orlando Magic,2020-21,21,51,0.292,104.0,0.429,0.343,31.8,10.4,35.1,45.4,21.8,12.8,4.4
Philadelphia 76ers,2020-21,49,23,0.681,113.6,0.476,0.374,30.1,10.0,35.0,45.1,23.7,14.4,6.2
Phoenix Suns,2020-21,51,21,0.708,115.3,0.49,0.378,34.6,8.8,34.2,42.9,26.9,12.5,4.3
Portland Trail Blazers,2020-21,42,30,0.583,116.1,0.453,0.385,40.8,10.6,33.9,44.5,21.3,11.1,5.0
Sacramento Kings,2020-21,31,41,0.431,113.7,0.481,0.364,33.3,9.4,32.0,41.4,25.5,13.4,5.0
San Antonio Spurs,2020-21,33,39,0.458,111.1,0.462,0.35,28.4,9.3,34.6,43.9,24.4,11.4,5.1
Toronto Raptors,2020-21,27,45,0.375,111.3,0.448,0.368,39.3,9.4,32.1,41.6,24.1,13.2,5.4
Utah Jazz,2020-21,52,20,0.722,116.4,0.468,0.389,43.0,10.6,37.6,48.3,23.7,14.2,5.2
Washington Wizards,2020-21,34,38,0.472,116.6,0.475,0.351,29.0,9.7,35.5,45.2,25.5,14.4,4.1
Atlanta Hawks,2021-22,43,39,0.524,113.9,0.47,0.374,34.4,10.0,33.9,44.0,24.6,11.9,4.2
Boston Celtics,2021-22,51,31,0.622,111.8,0.466,0.356,37.1,10.5,35.5,46.1,24.8,13.6,5.8
Brooklyn Nets,2021-22,44,38,0.537,112.9,0.475,0.361,31.7,10.3,34.1,44.4,25.3,14.1,5.5
Charlotte Hornets,2021-22,43,39,0.524,115.3,0.468,0.365,38.2,10.8,33.7,44.6,28.1,13.3,4.9
Chicago Bulls,2021-22,46,36,0.561,111.6,0.48,0.369,28.8,8.7,33.7,42.3,23.9,12.8,4.1
Cleveland Cavaliers,2021-22,44,38,0.537,107.8,0.469,0.355,32.8,10.2,34.0,44.2,25.2,14.4,4.2
Dallas Mavericks,2021-22,52,30,0.634,108.0,0.461,0.35,37.4,9.3,33.8,43.0,23.4,12.5,4.0
Denver Nuggets,2021-22,48,34,0.585,112.7,0.483,0.353,35.9,9.2,34.9,44.1,27.8,14.5,3.7
Detroit Pistons,2021-22,23,59,0.28,104.8,0.431,0.326,34.6,11.0,32.0,43.0,23.5,14.2,4.8
Golden State Warriors,2021-22,53,29,0.646,111.0,0.469,0.364,39.4,9.8,35.7,45.5,27.1,14.9,4.5
Houston Rockets,2021-22,20,62,0.244,109.7,0.456,0.349,38.7,9.6,32.4,42.0,23.6,16.5,4.7
Indiana Pacers,2021-22,25,57,0.305,111.5,0.463,0.344,35.4,11.3,32.6,43.9,25.4,14.4,5.6
LA Clippers,2021-22,42,40,0.512,108.4,0.458,0.374,34.2,9.1,34.9,44.0,24.0,13.7,5.0
Los Angeles Lakers,2021-22,33,49,0.402,112.1,0.469,0.347,34.5,9.5,34.5,44.0,24.0,14.5,5.2
Memphis Grizzlies,2021-22,56,26,0.683,115.6,0.461,0.353,32.7,14.1,35.0,49.2,26.0,13.2,6.5
Miami Heat,2021-22,53,29,0.646,110.0,0.467,0.379,35.8,9.8,33.9,43.7,25.5,14.6,3.2
Milwaukee Bucks,2021-22,51,31,0.622,115.5,0.468,0.366,38.4,10.2,36.5,46.7,23.9,13.4,4.0
Minnesota Timberwolves,2021-22,46,36,0.561,115.9,0.457,0.358,41.3,11.2,32.9,44.2,25.7,14.3,5.6
New Orleans Pelicans,2021-22,36,46,0.439,109.3,0.457,0.332,32.1,12.0,33.2,45.2,25.0,14.1,4.0
New York Knicks,2021-22,37,45,0.451,106.5,0.437,0.357,36.9,11.5,34.6,46.1,21.9,13.3,4.9
Oklahoma City Thunder,2021-22,24,58,0.293,103.7,0.43,0.323,37.4,10.4,35.2,45.6,22.2,14.0,4.6
Orlando Magic,2021-22,22,60,0.268,104.2,0.434,0.331,36.9,9.1,35.2,44.3,23.7,14.5,4.5
Philadelphia 76ers,2021-22,51,31,0.622,109.9,0.466,0.364,31.8,8.5,33.8,42.3,23.7,12.5,5.3
Phoenix Suns,2021-22,64,18,0.78,114.8,0.485,0.364,31.9,9.8,35.5,45.3,27.4,12.9,4.4
Portland Trail Blazers,2021-22,27,55,0.329,106.2,0.442,0.346,36.8,10.4,32.5,42.9,22.9,14.5,4.5
Sacramento Kings,2021-22,30,52,0.366,110.3,0.46,0.344,33.2,9.6,33.4,42.9,23.7,14.1,4.5
San Antonio Spurs,2021-22,34,48,0.415,113.2,0.467,0.352,32.0,11.0,34.3,45.3,27.9,12.7,4.9
Toronto Raptors,2021-22,48,34,0.585,109.4,0.445,0.349,34.2,13.4,32.0,45.3,22.1,12.5,4.6
Utah Jazz,2021-22,49,33,0.598,113.6,0.471,0.36,40.3,10.8,35.6,46.3,22.4,14.0,4.9
Washington Wizards,2021-22,35,47,0.427,108.6,0.472,0.342,30.6,9.0,34.1,43.1,25.0,13.1,5.0
Atlanta Hawks,2022-23,41,41,0.5,118.4,0.483,0.352,30.5,11.2,33.2,44.4,25.0,12.9,4.9
Boston Celtics,2022-23,57,25,0.695,117.9,0.475,0.377,42.6,9.7,35.6,45.3,26.7,13.4,5.2
Brooklyn Nets,2022-23,45,37,0.549,113.4,0.487,0.378,33.8,8.2,32.3,40.5,25.5,13.7,6.2
Charlotte Hornets,2022-23,27,55,0.329,111.0,0.457,0.33,32.5,11.0,33.5,44.5,25.1,14.2,5.2
Chicago Bulls,2022-23,40,42,0.488,113.1,0.49,0.361,28.9,8.5,33.9,42.4,24.5,13.4,4.5
Cleveland Cavaliers,2022-23,51,31,0.622,112.3,0.488,0.367,31.6,9.7,31.4,41.1,24.9,13.3,4.7
Dallas Mavericks,2022-23,38,44,0.463,114.2,0.475,0.371,41.0,7.6,31.2,38.8,22.9,12.2,3.7
Denver Nuggets,2022-23,53,29,0.646,115.8,0.504,0.379,31.2,10.1,32.9,43.0,28.9,14.5,4.5
Detroit Pistons,2022-23,17,65,0.207,110.3,0.454,0.351,32.4,11.2,31.3,42.4,23.0,15.1,3.8
Golden State Warriors,2022-23,44,38,0.537,118.9,0.479,0.385,43.2,10.5,34.1,44.6,29.8,16.3,4.0
Houston Rockets,2022-23,22,60,0.268,110.7,0.457,0.327,31.9,13.4,32.9,46.3,22.4,16.2,4.6
Indiana Pacers,2022-23,35,47,0.427,116.3,0.469,0.367,37.0,10.1,31.4,41.5,27.0,14.9,5.8
LA Clippers,2022-23,44,38,0.537,113.6,0.477,0.381,33.3,9.8,33.4,43.2,23.9,14.2,4.4
Los Angeles Lakers,2022-23,43,39,0.524,117.2,0.482,0.346,31.2,10.0,35.7,45.7,25.3,14.1,4.6
Memphis Grizzlies,2022-23,51,31,0.622,116.9,0.475,0.351,34.2,12.0,34.6,46.6,26.0,13.6,5.8
Miami Heat,2022-23,44,38,0.537,109.5,0.46,0.344,34.8,9.7,30.9,40.6,23.8,13.5,3.0
Milwaukee Bucks,2022-23,58,24,0.707,116.9,0.473,0.368,40.3,11.1,37.5,48.6,25.8,14.6,4.9
Minnesota Timberwolves,2022-23,42,40,0.512,115.8,0.49,0.365,33.3,9.1,32.8,41.9,26.2,15.3,5.4
New Orleans Pelicans,2022-23,42,40,0.512,114.4,0.48,0.364,30.1,10.6,33.1,43.7,25.9,14.6,4.1
New York Knicks,2022-23,47,35,0.573,116.0,0.47,0.354,35.7,12.6,34.0,46.6,22.9,13.0,4.1
Oklahoma City Thunder,2022-23,40,42,0.488,117.5,0.465,0.356,34.1,11.4,32.3,43.7,24.4,13.0,4.2
Orlando Magic,2022-23,34,48,0.415,111.4,0.47,0.346,31.1,10.2,33.1,43.2,23.2,15.1,4.7
Philadelphia 76ers,2022-23,54,28,0.659,115.2,0.487,0.387,32.6,8.7,32.2,40.9,25.2,13.7,4.7
Phoenix Suns,2022-23,45,37,0.549,113.6,0.467,0.374,32.6,11.8,32.4,44.2,27.3,13.5,5.3
Portland Trail Blazers,2022-23,33,49,0.402,113.4,0.474,0.365,35.3,9.4,31.1,40.5,24.2,14.5,4.6
Sacramento Kings,2022-23,48,34,0.585,120.7,0.494,0.369,37.3,9.5,32.9,42.5,27.3,13.5,3.4
San Antonio Spurs,2022-23,22,60,0.268,113.0,0.465,0.345,32.2,11.8,31.9,43.7,27.2,15.3,3.9
Toronto Raptors,2022-23,41,41,0.5,112.9,0.459,0.335,32.0,12.7,30.3,43.0,23.9,11.7,5.2
Utah Jazz,2022-23,37,45,0.451,117.1,0.473,0.353,37.8,11.8,34.1,45.9,26.0,15.4,5.2
Washington Wizards,2022-23,35,47,0.427,113.2,0.485,0.356,31.7,9.4,34.2,43.6,25.4,14.1,5.2
Atlanta Hawks,2023-24,36,46,0.439,118.3,0.465,0.364,37.7,12.5,32.2,44.7,26.6,13.5,4.5
Boston Celtics,2023-24,64,18,0.78,120.6,0.487,0.388,42.5,10.7,35.6,46.3,26.9,11.9,6.6
Brooklyn Nets,2023-24,32,50,0.39,110.4,0.456,0.362,36.7,11.4,32.6,44.1,25.6,13.1,5.2
Charlotte Hornets,2023-24,21,61,0.256,106.6,0.46,0.355,34.0,9.3,31.0,40.3,24.8,13.8,4.5
Chicago Bulls,2023-24,39,43,0.476,112.3,0.47,0.358,32.1,11.2,32.6,43.8,25.0,12.2,4.8
Cleveland Cavaliers,2023-24,48,34,0.585,112.6,0.479,0.367,36.8,9.8,33.4,43.3,28.0,13.6,4.6
Dallas Mavericks,2023-24,50,32,0.61,117.9,0.481,0.369,39.5,9.7,33.2,42.9,25.7,12.5,5.0
Denver Nuggets,2023-24,57,25,0.695,114.9,0.496,0.374,31.2,10.7,33.7,44.4,29.5,12.6,5.6
Detroit Pistons,2023-24,14,68,0.171,109.9,0.463,0.348,31.7,10.5,32.8,43.3,25.5,15.2,4.7
Golden State Warriors,2023-24,46,36,0.561,117.8,0.477,0.38,38.9,12.1,34.6,46.7,29.3,14.3,4.6
Houston Rockets,2023-24,41,41,0.5,114.3,0.459,0.352,36.1,11.5,34.0,45.5,24.8,12.7,4.6
Indiana Pacers,2023-24,47,35,0.573,123.3,0.507,0.374,35.3,10.1,31.4,41.5,30.8,12.9,5.9
LA Clippers,2023-24,51,31,0.622,115.6,0.489,0.381,33.2,10.0,32.9,43.0,25.6,13.1,5.0
Los Angeles Lakers,2023-24,47,35,0.573,118.0,0.499,0.377,31.4,8.2,34.9,43.1,28.5,14.0,5.5
Memphis Grizzlies,2023-24,27,55,0.329,105.8,0.435,0.346,37.8,10.9,31.7,42.6,24.7,15.1,6.1
Miami Heat,2023-24,46,36,0.561,110.1,0.465,0.37,33.7,9.3,33.0,42.3,25.8,12.7,3.4
Milwaukee Bucks,2023-24,49,33,0.598,119.0,0.487,0.373,38.1,9.4,34.8,44.2,26.5,12.9,5.0
Minnesota Timberwolves,2023-24,56,26,0.683,113.0,0.485,0.387,32.7,9.4,34.2,43.6,26.6,14.2,6.1
New Orleans Pelicans,2023-24,49,33,0.598,115.1,0.486,0.383,32.6,10.4,33.6,44.0,27.0,13.0,4.6
New York Knicks,2023-24,50,32,0.61,112.8,0.465,0.369,35.8,12.7,32.5,45.2,24.4,13.2,4.1
Oklahoma City Thunder,2023-24,57,25,0.695,120.1,0.499,0.389,34.2,8.8,33.2,42.0,27.1,12.7,6.6
Orlando Magic,2023-24,47,35,0.573,110.5,0.476,0.352,31.3,10.5,31.8,42.3,24.7,14.7,5.2
Philadelphia 76ers,2023-24,47,35,0.573,114.6,0.464,0.363,33.3,11.0,31.9,43.0,24.9,12.0,6.0
Phoenix Suns,2023-24,49,33,0.598,116.2,0.493,0.382,32.6,10.1,33.9,44.1,27.0,14.9,6.0
Portland Trail Blazers,2023-24,21,61,0.256,106.4,0.439,0.345,33.2,12.6,30.1,42.7,23.1,15.2,4.3
Sacramento Kings,2023-24,46,36,0.561,116.6,0.477,0.366,39.3,10.8,33.2,44.0,28.3,13.1,4.2
San Antonio Spurs,2023-24,22,60,0.268,112.1,0.462,0.347,36.4,10.4,33.9,44.2,29.9,15.1,6.3
Toronto Raptors,2023-24,25,57,0.305,112.4,0.471,0.347,33.1,10.9,31.8,42.7,28.5,14.0,4.7
Utah Jazz,2023-24,31,51,0.378,115.7,0.467,0.354,36.5,12.2,33.2,45.5,27.2,15.7,5.6
Washington Wizards,2023-24,15,67,0.183,113.7,0.47,0.348,35.5,9.2,31.9,41.1,27.9,14.0,5.1
